Sr no.,,Tooltip
,,
Jobs Index,,
1,Environment in jobs row,Environment name
2,restart button,Restart this job
3,remove button,Remove
4,On expansion of job,Logs(document type icon)
,,
Test case,,
5,If name(test case or folder) name is big then on hover,Full name is displayed in tooltip
6,Download icon,Download
7,Delete icon,No tooltip
8,Scripts,Scripts
,,
Assets,,
9,Documents,upload document for test case
10,delete icon,no tooltip
11,Download icon,Download
12,variables,upload variable for test case
13,sikuli script,sikuli script for test case
14,Library,add library for test case
15,Step definition,Step definition for test case
,,
ALM,,
16,ALM test IDs,ALM test ids
,,
Report,,
17,Report listing under test case,No tooltips provided
,,
Management,,
Shamisen list,,
17,Restart icon,restart
18,Delete icon,delete
19,View icon,view
20,Document icon,Logs
,,
Mobile apps,,
21,Download icon,Download
22,Delete icon,delete
,,
Project,,
23,Project timeout ,Timeout
24,Edit project sample trial edit,Edit
25,Download,Download
26,Upload,Upload
